totalLpMint,allReserve1Sub,initialized,allReserve1Add,reserve0,token1,totalSupply,token0,totalLpBurn,factory,,reserve1,lpBalanceOf
initialized,allReserve0Add,reserve1,allReserve0Sub,lpBalanceOf,token1,totalSupply,token0,factory,,reserve0
totalLpMint,allReserve1Sub,initialized,allReserve0Add,allReserve1Add,totalSupply,token1,allReserve0Sub,token0,totalLpBurn,factory,,reserve1,lpBalanceOf,reserve0
totalLpMint,initialized,allLpMint,allLpBurn,reserve1,reserve0,token1,token0,totalLpBurn,factory,,totalSupply,lpBalanceOf
allReserve1Sub,initialized,allReserve0Add,allReserve1Add,allReserve0Sub,factory,token1,totalSupply,token0,lpBalanceOf,,reserve1,reserve0
allReserve1Sub,initialized,allReserve1Add,lpBalanceOf,reserve0,token1,totalSupply,token0,factory,,reserve1
totalLpMint,allReserve1Sub,initialized,allLpMint,allReserve1Add,allLpBurn,reserve0,token1,token0,totalLpBurn,factory,,reserve1,lpBalanceOf,totalSupply
totalLpMint,initialized,allReserve0Add,allLpMint,allLpBurn,reserve1,token1,allReserve0Sub,token0,totalLpBurn,factory,,totalSupply,lpBalanceOf,reserve0
totalLpMint,allReserve1Sub,initialized,allReserve0Add,allLpMint,allReserve1Add,allLpBurn,token1,allReserve0Sub,token0,totalLpBurn,factory,,reserve1,lpBalanceOf,reserve0,totalSupply
initialized,allReserve0Add,allLpMint,allLpBurn,reserve1,factory,token1,allReserve0Sub,token0,lpBalanceOf,,totalSupply,reserve0
totalLpMint,initialized,allReserve0Add,reserve1,allReserve0Sub,token1,totalSupply,token0,totalLpBurn,factory,,lpBalanceOf,reserve0
initialized,reserve1,lpBalanceOf,token1,reserve0,totalSupply,token0,factory,
totalLpMint,initialized,reserve1,token1,reserve0,totalSupply,token0,totalLpBurn,factory,,lpBalanceOf
allReserve1Sub,initialized,allReserve0Add,allLpMint,allReserve1Add,allLpBurn,lpBalanceOf,token1,allReserve0Sub,token0,factory,,reserve1,reserve0,totalSupply
allReserve1Sub,initialized,allLpMint,allReserve1Add,allLpBurn,factory,reserve0,token1,token0,lpBalanceOf,,reserve1,totalSupply
initialized,allLpMint,allLpBurn,reserve1,lpBalanceOf,reserve0,token1,token0,factory,,totalSupply
